viewer_id,watch_duration_mins,session_count,dropoff_count,watch_duration_minmax,watch_duration_zscore,vectorized_engagement_index
V1000,21.12,8,1,0.0569,-0.5177,16.1468
V1001,135.46,15,2,0.368,2.0964,113.1472
V1002,59.25,9,2,0.1606,0.3541,46.4886
V1003,41.08,19,2,0.1112,-0.0613,32.5449
V1004,7.63,8,4,0.0202,-0.8261,6.4447
V1005,7.63,18,0,0.0202,-0.8261,7.408
V1006,2.69,14,1,0.0067,-0.939,3.9184
V1007,90.51,19,4,0.2457,1.0687,73.741
V1008,41.36,10,0,0.112,-0.0549,32.0835
V1009,55.41,9,0,0.1502,0.2663,43.3552
V1010,0.94,6,3,0.002,-0.979,1.9527
V1011,157.66,10,0,0.4284,2.6039,132.8341
V1012,80.39,5,1,0.2181,0.8374,63.6632
V1013,10.74,12,0,0.0286,-0.755,9.0868
V1014,9.03,10,1,0.024,-0.794,7.6877
V1015,9.12,17,2,0.0242,-0.792,8.3239
V1016,16.32,9,2,0.0438,-0.6274,12.719
V1017,33.48,17,1,0.0905,-0.2351,26.4335
V1018,25.45,17,2,0.0687,-0.4187,20.2242
V1019,15.49,15,3,0.0416,-0.6464,12.6642
V1020,42.59,12,0,0.1153,-0.0268,33.267
V1021,6.76,15,3,0.0178,-0.8459,6.5694
V1022,15.55,11,1,0.0417,-0.645,12.3957
V1023,20.53,9,4,0.0553,-0.5311,15.7831
V1024,27.4,10,5,0.074,-0.3741,21.0697
V1025,69.21,10,1,0.1877,0.5818,54.9248
V1026,10.02,4,1,0.0267,-0.7714,7.4236
V1027,32.49,11,4,0.0878,-0.2577,25.1241
V1028,40.39,15,1,0.1093,-0.0771,31.7438
V1029,2.14,11,1,0.0053,-0.9516,3.3203
V1030,42.09,19,3,0.1139,-0.0382,33.3345
V1031,8.41,13,2,0.0223,-0.8082,7.5371
V1032,3.03,19,0,0.0077,-0.9312,4.4875
V1033,133.82,13,1,0.3635,2.0589,111.5307
V1034,151.68,9,2,0.4121,2.4672,127.242
V1035,74.35,9,1,0.2017,0.6993,59.1447
V1036,16.35,15,4,0.0439,-0.6267,13.2708
V1037,4.62,11,3,0.012,-0.8949,4.8244
V1038,51.87,14,0,0.1406,0.1853,40.9423
V1039,26.1,16,2,0.0704,-0.4038,20.6504
V1040,5.86,9,4,0.0154,-0.8665,5.3932
V1041,30.76,13,2,0.0831,-0.2973,23.999
V1042,1.57,9,1,0.0037,-0.9646,2.7682
V1043,108.02,14,2,0.2933,1.469,88.68
V1044,13.48,6,2,0.0361,-0.6923,10.2448
V1045,48.88,11,2,0.1324,0.117,38.2083
V1046,16.81,14,1,0.0452,-0.6162,13.5789
V1047,33.03,6,0,0.0893,-0.2454,24.9649
V1048,35.61,14,3,0.0963,-0.1864,27.8509
V1049,9.2,16,6,0.0245,-0.7902,8.2408
V1050,157.18,12,1,0.4271,2.5929,132.5806
V1051,67.15,16,2,0.1821,0.5347,53.7025
V1052,126.23,14,2,0.3429,1.8853,104.805
V1053,101.35,15,2,0.2752,1.3165,82.9167
V1054,41.0,14,2,0.111,-0.0632,32.1359
V1055,114.72,13,2,0.3115,1.6222,94.5007
V1056,4.17,17,1,0.0108,-0.9052,5.0573
V1057,9.82,16,4,0.0261,-0.776,8.7033
V1058,2.08,10,3,0.0051,-0.9529,3.147
V1059,17.71,8,0,0.0476,-0.5956,13.6402
V1060,22.15,16,2,0.0597,-0.4941,17.6639
V1061,14.25,13,2,0.0382,-0.6747,11.6274
V1062,79.41,13,3,0.2155,0.815,63.8114
V1063,19.86,15,1,0.0535,-0.5465,15.8999
V1064,14.84,15,2,0.0398,-0.6612,12.2118
V1065,35.21,21,0,0.0952,-0.1955,28.0456
V1066,6.84,14,3,0.018,-0.8441,6.5453
V1067,72.92,10,3,0.1978,0.6666,58.0168
V1068,3.49,10,2,0.0089,-0.9207,4.0222
V1069,195.04,15,0,0.5301,3.4585,167.7636
V1070,66.58,15,3,0.1806,0.5216,53.1357
V1071,9.97,12,2,0.0266,-0.7726,8.5191
V1072,0.25,14,4,0.0001,-0.9948,2.4918
V1073,76.05,11,1,0.2063,0.7381,60.8037
V1074,55.22,8,3,0.1497,0.2619,43.0232
V1075,58.75,14,2,0.1593,0.3426,46.5617
V1076,66.38,6,4,0.18,0.5171,51.9591
V1077,3.46,14,0,0.0088,-0.9214,4.4083
V1078,19.98,20,2,0.0538,-0.5437,16.2988
V1079,5.54,11,1,0.0145,-0.8738,5.453
V1080,89.48,11,1,0.2429,1.0452,72.29
V1081,43.93,17,1,0.1189,0.0038,34.7155
V1082,18.08,9,0,0.0486,-0.5872,14.0381
V1083,2.96,14,1,0.0075,-0.9328,4.0831
V1084,16.76,16,2,0.045,-0.6173,13.6761
V1085,17.7,22,3,0.0476,-0.5958,14.7093
V1086,58.85,15,5,0.1595,0.3449,46.6703
V1087,45.67,7,3,0.1237,0.0436,35.1088
V1088,98.2,18,2,0.2666,1.2445,80.3777
V1089,28.76,15,4,0.0777,-0.343,22.5809
V1090,5.73,7,3,0.015,-0.8695,5.0573
V1091,56.21,14,2,0.1524,0.2846,44.4669
V1092,64.37,8,1,0.1746,0.4711,50.632
V1093,37.07,9,1,0.1003,-0.153,28.5478
V1094,66.33,10,4,0.1799,0.5159,52.4597
V1095,30.64,11,5,0.0828,-0.3,23.6696
V1096,33.29,13,1,0.09,-0.2394,25.9835
V1097,25.1,15,3,0.0677,-0.4267,19.8002
V1098,1.16,12,2,0.0026,-0.974,2.834
V1099,5.14,8,1,0.0134,-0.883,4.8476
V1100,1.44,13,2,0.0033,-0.9676,3.081
V1101,45.53,13,1,0.1233,0.0404,35.7008
V1102,16.98,10,2,0.0456,-0.6123,13.3142
V1103,31.97,6,1,0.0864,-0.2696,24.123
V1104,107.16,11,0,0.291,1.4494,87.6897
V1105,12.9,13,2,0.0345,-0.7056,10.6637
V1106,23.77,15,1,0.0641,-0.4571,18.8265
V1107,63.39,8,2,0.1719,0.4487,49.7987
V1108,11.69,13,3,0.0312,-0.7332,9.7916
V1109,3.6,14,0,0.0092,-0.9182,4.4956
V1110,15.4,10,0,0.0413,-0.6484,12.1989
V1111,7.91,12,2,0.0209,-0.8197,7.109
V1112,119.47,11,1,0.3245,1.7308,98.5386
V1113,74.29,12,2,0.2016,0.6979,59.3923
V1114,45.16,6,3,0.1223,0.0319,34.5377
V1115,92.32,9,2,0.2506,1.1101,74.5068
V1116,73.26,17,3,0.1987,0.6744,58.895
V1117,9.29,14,3,0.0247,-0.7881,8.205
V1118,100.39,13,3,0.2726,1.2946,81.9021
V1119,34.88,8,2,0.0943,-0.2031,26.6814
V1120,74.13,6,0,0.2011,0.6943,58.5467
V1121,101.89,9,2,0.2766,1.3289,82.8242
V1122,17.22,15,2,0.0463,-0.6068,13.9392
V1123,5.25,10,2,0.0137,-0.8805,5.1433
V1124,11.64,16,3,0.0311,-0.7344,9.9895
V1125,25.07,11,1,0.0676,-0.4273,19.4655
V1126,76.67,12,2,0.208,0.7523,61.4094
V1127,88.71,17,0,0.2408,1.0276,72.1293
V1128,0.31,9,0,0.0003,-0.9934,2.101
V1129,32.17,18,2,0.087,-0.265,25.4604
V1130,24.31,13,3,0.0656,-0.4447,19.0411
V1131,11.3,15,1,0.0302,-0.7422,9.7113
V1132,5.75,8,1,0.0151,-0.869,5.2451
V1133,18.54,22,4,0.0499,-0.5766,15.3094
V1134,128.84,16,1,0.35,1.945,107.3028
V1135,17.57,11,2,0.0472,-0.5988,13.8501
V1136,32.92,10,0,0.089,-0.2479,25.4215
V1137,54.63,8,4,0.1481,0.2484,42.5216
V1138,20.34,22,3,0.0548,-0.5355,16.6585
V1139,160.55,14,2,0.4362,2.67,135.8126
V1140,147.69,15,2,0.4013,2.376,124.1848
V1141,13.05,22,3,0.0349,-0.7021,11.3492
V1142,30.94,9,3,0.0836,-0.2931,23.7179
V1143,16.11,8,1,0.0433,-0.6322,12.4564
V1144,15.09,10,3,0.0405,-0.6555,11.9256
V1145,1.69,11,3,0.004,-0.9619,3.0229
V1146,42.32,13,0,0.1146,-0.033,33.1399
V1147,31.43,8,4,0.0849,-0.2819,23.9545
V1148,2.38,14,4,0.0059,-0.9461,3.6808
V1149,14.7,13,2,0.0394,-0.6644,11.9508
V1150,107.5,9,2,0.2919,1.4571,87.7368
V1151,12.32,9,2,0.0329,-0.7188,9.8489
V1152,7.04,3,0,0.0186,-0.8395,5.1421
V1153,30.25,10,2,0.0817,-0.3089,23.3148
V1154,190.98,3,2,0.519,3.3656,162.2878
V1155,12.47,13,3,0.0334,-0.7154,10.342
V1156,50.18,11,0,0.136,0.1467,39.2973
V1157,64.52,12,1,0.175,0.4745,51.1984
V1158,12.21,7,3,0.0326,-0.7213,9.4866
V1159,58.62,10,3,0.1589,0.3397,46.0653
V1160,20.63,9,4,0.0556,-0.5289,15.8576
V1161,45.02,22,0,0.1219,0.0287,35.902
V1162,45.17,14,3,0.1223,0.0322,35.4604
V1163,34.53,17,1,0.0934,-0.2111,27.2552
V1164,4.26,19,2,0.011,-0.9031,5.2244
V1165,81.16,12,5,0.2202,0.855,65.1801
V1166,17.41,17,0,0.0468,-0.6025,14.2522
V1167,9.29,14,1,0.0247,-0.7881,8.2383
V1168,1.87,9,3,0.0045,-0.9577,2.909
V1169,40.22,11,3,0.1089,-0.081,31.23
V1170,50.93,7,1,0.138,0.1639,39.4052
V1171,0.75,13,0,0.0015,-0.9833,2.7312
V1172,32.29,17,3,0.0873,-0.2623,25.4721
V1173,11.56,10,3,0.0309,-0.7362,9.4108
V1174,46.63,15,0,0.1263,0.0656,36.7646
V1175,8.62,15,2,0.0229,-0.8034,7.8404
V1176,52.84,16,0,0.1432,0.2075,41.8851
V1177,22.0,12,4,0.0593,-0.4975,17.1956
V1178,124.22,10,0,0.3374,1.8394,102.6735
V1179,6.66,11,2,0.0175,-0.8482,6.1745
V1180,18.77,11,1,0.0505,-0.5714,14.7486
V1181,5.42,9,0,0.0142,-0.8766,5.1721
V1182,116.38,9,1,0.3161,1.6602,95.5815
V1183,94.43,13,2,0.2563,1.1583,76.7373
V1184,13.42,13,5,0.0359,-0.6937,10.9823
V1185,48.54,11,1,0.1315,0.1092,37.949
V1186,76.48,12,3,0.2075,0.748,61.2313
V1187,36.46,11,1,0.0986,-0.167,28.2854
V1188,33.94,13,5,0.0918,-0.2246,26.4236
V1189,12.46,13,2,0.0333,-0.7156,10.3517
V1190,4.4,20,0,0.0114,-0.8999,5.4048
V1191,102.38,8,1,0.278,1.3401,83.1422
V1192,103.8,10,2,0.2818,1.3726,84.6081
V1193,45.12,12,0,0.1222,0.031,35.2979
V1194,18.63,10,1,0.0501,-0.5746,14.541
V1195,19.33,15,3,0.052,-0.5586,15.4741
V1196,58.25,10,0,0.1579,0.3312,45.8091
V1197,102.33,14,0,0.2778,1.339,83.7277
V1198,98.15,11,2,0.2665,1.2434,79.7828
V1199,68.11,8,2,0.1847,0.5566,53.744
V1200,46.23,8,2,0.1252,0.0564,35.7186
V1201,3.96,14,4,0.0102,-0.91,4.6552
V1202,7.93,13,3,0.021,-0.8192,7.1946
V1203,102.97,21,1,0.2796,1.3536,84.7305
V1204,41.96,15,3,0.1136,-0.0412,32.9628
V1205,0.42,20,1,0.0006,-0.9909,3.0298
V1206,4.81,9,3,0.0125,-0.8905,4.7277
V1207,49.01,13,3,0.1328,0.12,38.482
V1208,0.23,10,2,0.0001,-0.9952,2.1441
V1209,7.89,15,3,0.0209,-0.8201,7.3278
V1210,35.81,16,2,0.0969,-0.1818,28.1752
V1211,52.98,14,3,0.1436,0.2107,41.7999
V1212,47.49,13,1,0.1286,0.0852,37.2834
V1213,11.43,13,3,0.0305,-0.7392,9.609
V1214,56.04,9,2,0.1519,0.2807,43.8405
V1215,12.19,13,4,0.0326,-0.7218,10.1269
V1216,17.71,9,3,0.0476,-0.5956,13.7171
V1217,61.76,13,1,0.1675,0.4115,48.9896
V1218,47.19,14,1,0.1278,0.0784,37.1236
V1219,85.14,11,2,0.2311,0.946,68.5414
V1220,48.23,7,4,0.1306,0.1021,37.1606
V1221,37.8,14,2,0.1023,-0.1363,29.5946
V1222,4.43,9,3,0.0115,-0.8992,4.4841
V1223,20.63,8,1,0.0556,-0.5289,15.7816
V1224,13.87,9,2,0.0372,-0.6834,10.9514
V1225,12.59,6,4,0.0337,-0.7127,9.578
V1226,162.55,9,4,0.4417,2.7157,137.1211
V1227,22.47,17,1,0.0606,-0.4868,17.989
V1228,100.17,12,3,0.272,1.2896,81.6213
V1229,44.88,10,0,0.1215,0.0255,34.9042
V1230,71.27,13,2,0.1933,0.6289,56.9311
V1231,31.43,12,5,0.0849,-0.2819,24.3783
V1232,38.71,8,1,0.1047,-0.1155,29.7187
V1233,30.52,8,2,0.0825,-0.3028,23.283
V1234,9.77,7,2,0.026,-0.7771,7.7982
V1235,57.68,15,0,0.1564,0.3182,45.7882
V1236,14.83,18,3,0.0398,-0.6615,12.394
V1237,1.11,11,1,0.0024,-0.9751,2.7265
V1238,46.66,12,4,0.1264,0.0662,36.473
V1239,8.77,12,5,0.0233,-0.8,7.6422
V1240,126.95,15,3,0.3448,1.9018,105.5082
V1241,138.49,9,2,0.3762,2.1656,115.3088
V1242,110.86,12,0,0.301,1.534,91.039
V1243,20.8,11,3,0.056,-0.525,16.2201
V1244,0.7,13,1,0.0013,-0.9845,2.6884
V1245,118.6,18,1,0.3221,1.7109,98.3183
V1246,25.15,11,1,0.0679,-0.4255,19.5262
V1247,153.04,15,1,0.4158,2.4983,129.059
V1248,149.12,6,2,0.4051,2.4087,124.4895
V1249,86.28,8,2,0.2342,0.972,69.1747
V1250,15.69,13,1,0.0421,-0.6418,12.682
V1251,21.88,18,0,0.059,-0.5003,17.6277
V1252,85.71,13,5,0.2326,0.959,69.164
V1253,17.15,8,0,0.0461,-0.6084,13.2303
V1254,8.36,11,0,0.0222,-0.8094,7.3508
V1255,36.62,11,1,0.0991,-0.1633,28.4115
V1256,123.81,21,1,0.3363,1.83,103.1239
V1257,53.59,21,3,0.1452,0.2247,42.7588
V1258,37.99,10,1,0.1028,-0.132,29.3892
V1259,4.6,11,0,0.0119,-0.8953,4.8611
V1260,42.95,13,1,0.1163,-0.0186,33.628
V1261,207.48,13,4,0.5639,3.7429,179.166
V1262,6.79,8,2,0.0179,-0.8453,5.9158
V1263,32.87,15,0,0.0889,-0.249,25.8321
V1264,94.44,8,3,0.2564,1.1586,76.199
V1265,60.75,10,1,0.1647,0.3884,47.8619
V1266,53.73,14,1,0.1456,0.2279,42.4472
V1267,54.55,16,0,0.1478,0.2466,43.2858
V1268,20.05,10,3,0.054,-0.5421,15.5579
V1269,15.64,12,1,0.042,-0.6429,12.5569
V1270,74.58,11,0,0.2023,0.7045,59.5743
V1271,74.76,11,2,0.2028,0.7087,59.6941
V1272,90.81,15,3,0.2465,1.0756,73.7493
V1273,110.01,11,1,0.2987,1.5145,90.1784
V1274,32.22,15,5,0.0871,-0.2639,25.2416
V1275,31.33,12,3,0.0847,-0.2842,24.3353
V1276,72.04,21,3,0.1954,0.6465,58.1058
V1277,47.24,7,4,0.128,0.0795,36.3592
V1278,54.47,11,1,0.1476,0.2448,42.786
V1279,71.49,7,2,0.1939,0.6339,56.4449
V1280,99.33,8,2,0.2697,1.2704,80.4648
V1281,18.56,15,2,0.0499,-0.5762,14.9226
V1282,21.19,11,2,0.0571,-0.5161,16.5278
V1283,4.44,12,3,0.0115,-0.899,4.8053
V1284,38.85,15,3,0.1051,-0.1123,30.4868
V1285,1.65,14,2,0.0039,-0.9628,3.2844
V1286,28.2,12,3,0.0762,-0.3558,21.9184
V1287,35.2,13,1,0.0952,-0.1958,27.4792
V1288,15.19,8,3,0.0408,-0.6532,11.7569
V1289,40.21,12,5,0.1088,-0.0812,31.2834
V1290,1.39,3,0,0.0032,-0.9687,1.5818
V1291,1.71,14,1,0.0041,-0.9614,3.3356
V1292,77.82,6,2,0.2112,0.7786,61.6434
V1293,20.1,20,0,0.0541,-0.541,16.4205
V1294,6.12,10,2,0.0161,-0.8606,5.7125
V1295,33.24,10,0,0.0899,-0.2406,25.6712
V1296,66.13,14,2,0.1793,0.5114,52.6985
V1297,10.94,8,1,0.0292,-0.7504,8.769
V1298,43.88,14,3,0.1188,0.0027,34.4233
V1299,4.01,9,2,0.0103,-0.9088,4.2342
V1300,2.39,10,5,0.0059,-0.9459,3.2971
V1301,34.11,13,3,0.0922,-0.2207,26.5913
V1302,35.01,9,1,0.0947,-0.2001,26.9263
V1303,45.65,13,1,0.1236,0.0431,35.7975
V1304,58.27,13,3,0.158,0.3317,46.0655
V1305,167.56,15,0,0.4553,2.8302,142.3433
V1306,32.68,13,0,0.0883,-0.2534,25.5238
V1307,17.55,7,1,0.0472,-0.5993,13.3654
V1308,71.35,18,1,0.1936,0.6307,57.3814
V1309,14.21,11,2,0.0381,-0.6756,11.4138
V1310,26.01,11,4,0.0702,-0.4059,20.1298
V1311,3.68,19,2,0.0094,-0.9164,4.8583
V1312,1.16,7,6,0.0026,-0.974,2.182
V1313,147.93,17,1,0.4019,2.3814,124.5602
V1314,81.35,10,2,0.2208,0.8593,65.1934
V1315,53.58,18,1,0.1452,0.2244,42.608
V1316,23.66,15,3,0.0638,-0.4596,18.7102
V1317,8.56,15,3,0.0227,-0.8048,7.7827
V1318,7.66,8,2,0.0203,-0.8254,6.4989
V1319,12.96,4,4,0.0347,-0.7042,9.4368
V1320,35.86,16,2,0.097,-0.1807,28.2145
V1321,56.42,12,3,0.1529,0.2894,44.4512
V1322,48.57,15,2,0.1316,0.1099,38.302
V1323,14.78,13,2,0.0396,-0.6626,12.0083
V1324,139.41,10,1,0.3787,2.1867,116.2685
V1325,60.26,13,3,0.1634,0.3772,47.7118
V1326,36.37,8,3,0.0984,-0.169,27.836
V1327,42.57,7,2,0.1152,-0.0273,32.6357
V1328,24.48,15,0,0.066,-0.4408,19.3795
V1329,12.81,13,1,0.0343,-0.7076,10.6163
V1330,19.8,13,1,0.0533,-0.5478,15.6952
V1331,63.82,10,5,0.1731,0.4585,50.3462
V1332,0.65,12,1,0.0012,-0.9856,2.5731
V1333,5.55,15,3,0.0145,-0.8736,5.7714
V1334,2.12,15,2,0.0052,-0.952,3.6372
V1335,1.87,20,3,0.0045,-0.9577,3.7994
V1336,87.04,10,4,0.2362,0.9894,70.0346
V1337,54.73,10,3,0.1483,0.2507,42.8616
V1338,28.93,11,3,0.0781,-0.3391,22.3837
V1339,4.63,17,2,0.012,-0.8946,5.3342
V1340,30.44,11,3,0.0822,-0.3046,23.5494
V1341,28.87,14,2,0.078,-0.3405,22.6221
V1342,8.56,13,2,0.0227,-0.8048,7.6393
V1343,25.6,15,5,0.0691,-0.4152,20.1454
V1344,22.88,13,4,0.0617,-0.4774,17.9451
V1345,43.05,13,1,0.1166,-0.0163,33.7081
V1346,45.37,13,2,0.1229,0.0367,35.5554
V1347,2.09,13,3,0.0051,-0.9527,3.4423
V1348,21.12,12,2,0.0569,-0.5177,16.5716
V1349,44.24,5,2,0.1198,0.0109,33.6297
V1350,31.47,15,0,0.085,-0.281,24.7426
V1351,87.36,15,3,0.2371,0.9967,70.7766
V1352,48.37,11,2,0.131,0.1053,37.7947
V1353,8.0,10,3,0.0212,-0.8176,6.9526
V1354,3.29,6,2,0.0084,-0.9253,3.3555
V1355,46.28,13,3,0.1253,0.0576,36.2723
V1356,1.21,13,2,0.0027,-0.9728,2.9509
V1357,39.66,13,2,0.1073,-0.0938,30.9864
V1358,126.78,7,2,0.3444,1.8979,104.5415
V1359,38.56,16,3,0.1043,-0.1189,30.3297
V1360,22.11,13,2,0.0596,-0.495,17.4009
V1361,46.39,8,1,0.1256,0.0601,35.8642
V1362,27.58,10,1,0.0745,-0.37,21.2756
V1363,35.5,9,3,0.096,-0.1889,27.2778
V1364,127.72,10,0,0.3469,1.9194,105.7956
V1365,21.96,9,0,0.0592,-0.4984,16.9174
V1366,146.21,11,3,0.3972,2.3421,122.4821
V1367,106.09,7,2,0.2881,1.4249,86.2318
V1368,9.81,14,2,0.0261,-0.7762,8.5802
V1369,3.23,11,0,0.0082,-0.9266,3.9978
V1370,4.78,15,2,0.0124,-0.8912,5.2892
V1371,0.83,13,1,0.0017,-0.9815,2.758
V1372,4.46,15,2,0.0116,-0.8985,5.0841
V1373,51.7,20,3,0.1401,0.1815,41.1579
V1374,3.32,5,1,0.0085,-0.9246,3.2056
V1375,17.29,9,5,0.0465,-0.6052,13.3749
V1376,83.86,17,1,0.2276,0.9167,67.9473
V1377,1.06,9,2,0.0023,-0.9763,2.4636
V1378,75.8,11,2,0.2057,0.7324,60.5752
V1379,14.9,5,1,0.04,-0.6599,11.0945
V1380,5.66,17,3,0.0148,-0.8711,5.9846
V1381,53.69,12,1,0.1455,0.227,42.2427
V1382,44.61,10,1,0.1208,0.0194,34.6709
V1383,94.47,21,1,0.2565,1.1593,77.3309
V1384,59.77,19,1,0.162,0.366,47.7672
V1385,73.21,11,4,0.1986,0.6732,58.3491
V1386,14.91,9,0,0.04,-0.6596,11.7309
V1387,8.79,8,1,0.0233,-0.7995,7.2826
V1388,62.49,13,1,0.1694,0.4281,49.5963
V1389,73.99,7,1,0.2007,0.6911,58.5724
V1390,209.57,9,1,0.5696,3.7906,180.7735
V1391,23.94,16,1,0.0646,-0.4532,19.0277
V1392,20.94,12,0,0.0564,-0.5218,16.47
V1393,67.41,16,3,0.1828,0.5406,53.9035
V1394,18.75,12,0,0.0504,-0.5718,14.8461
V1395,120.16,11,3,0.3264,1.7466,99.1177
V1396,87.97,16,1,0.2388,1.0107,71.4074
V1397,25.22,12,6,0.068,-0.4239,19.5896
V1398,62.54,14,1,0.1696,0.4293,49.7207
V1399,63.21,5,2,0.1714,0.4446,49.1622
V1400,4.9,15,1,0.0128,-0.8885,5.383
V1401,104.78,8,1,0.2845,1.395,85.2417
V1402,31.67,8,4,0.0856,-0.2765,24.1409
V1403,78.81,15,1,0.2138,0.8012,63.494
V1404,17.36,9,2,0.0467,-0.6036,13.4776
V1405,101.65,9,3,0.276,1.3234,82.5978
V1406,22.18,12,0,0.0598,-0.4934,17.3971
V1407,0.49,12,1,0.0008,-0.9893,2.4899
V1408,106.11,7,1,0.2881,1.4254,86.2658
V1409,4.31,16,1,0.0112,-0.902,5.0777
V1410,17.31,9,3,0.0465,-0.6048,13.4242
V1411,134.86,10,1,0.3663,2.0826,112.175
V1412,135.36,13,2,0.3677,2.0941,112.8971
V1413,38.34,15,3,0.1037,-0.124,30.0826
V1414,44.97,18,1,0.1218,0.0276,35.6164
V1415,26.78,8,2,0.0723,-0.3883,20.4061
V1416,15.62,15,3,0.0419,-0.6434,12.7583
V1417,17.93,8,1,0.0482,-0.5906,13.7854
V1418,50.23,14,2,0.1361,0.1479,39.5731
V1419,62.81,11,3,0.1703,0.4355,49.6442
V1420,70.57,15,2,0.1914,0.6129,56.5017
V1421,70.15,13,0,0.1903,0.6033,56.0207
V1422,4.3,17,3,0.0111,-0.9022,5.1066
V1423,30.69,8,2,0.0829,-0.2989,23.4146
V1424,2.67,13,2,0.0067,-0.9395,3.807
V1425,35.89,6,0,0.0971,-0.18,27.206
V1426,26.21,16,1,0.0707,-0.4013,20.7507
V1427,98.4,14,0,0.2671,1.2491,80.3007
V1428,19.45,12,1,0.0523,-0.5558,15.347
V1429,5.6,12,1,0.0147,-0.8725,5.5882
V1430,6.94,12,2,0.0183,-0.8418,6.4571
V1431,64.5,10,3,0.1749,0.4741,50.9479
V1432,43.33,7,3,0.1173,-0.0099,33.2277
V1433,4.8,8,2,0.0125,-0.8908,4.6116
V1434,3.95,11,2,0.0102,-0.9102,4.4151
V1435,54.32,14,4,0.1472,0.2414,42.8803
V1436,3.4,10,1,0.0087,-0.9228,3.9826
V1437,77.63,13,3,0.2106,0.7743,62.2969
V1438,55.12,14,3,0.1494,0.2596,43.554
V1439,3.82,14,4,0.0098,-0.9132,4.567
V1440,3.99,9,2,0.0103,-0.9093,4.2215
V1441,194.2,10,4,0.5278,3.4393,166.4647
V1442,21.1,14,3,0.0568,-0.5181,16.7115
V1443,20.84,10,2,0.0561,-0.5241,16.1623
V1444,75.4,15,3,0.2046,0.7233,60.5646
V1445,132.4,14,2,0.3597,2.0264,110.3233
V1446,192.09,7,2,0.5221,3.391,164.1522
V1447,63.0,12,4,0.1708,0.4398,49.8812
V1448,21.24,12,4,0.0572,-0.5149,16.6272
V1449,3.92,24,1,0.0101,-0.9109,5.2934
V1450,67.56,11,1,0.1832,0.544,53.6445
V1451,36.78,10,0,0.0995,-0.1596,28.4495
V1452,24.84,10,3,0.067,-0.4326,19.1532
V1453,106.57,14,1,0.2894,1.4359,87.4236
V1454,5.3,16,6,0.0138,-0.8793,5.6288
V1455,30.53,17,1,0.0825,-0.3025,24.139
V1456,0.51,14,1,0.0008,-0.9888,2.6719
V1457,28.46,6,3,0.0769,-0.3498,21.3753
V1458,2.61,10,3,0.0065,-0.9408,3.4644
V1459,5.69,10,0,0.0149,-0.8704,5.4627
V1460,5.63,15,2,0.0147,-0.8718,5.8405
V1461,47.14,14,1,0.1277,0.0772,37.0831
V1462,61.68,17,3,0.1672,0.4096,49.1914
V1463,39.4,6,1,0.1066,-0.0997,29.9646
V1464,147.36,15,3,0.4004,2.3684,123.8689
V1465,21.14,16,5,0.0569,-0.5172,16.8569
V1466,15.14,13,0,0.0406,-0.6544,12.3005
V1467,91.33,17,1,0.2479,1.0875,74.373
V1468,11.39,12,2,0.0304,-0.7401,9.5088
V1469,148.63,10,1,0.4038,2.3975,124.6039
V1470,0.55,15,5,0.0009,-0.9879,2.702
V1471,157.61,17,1,0.4282,2.6028,133.3633
V1472,1.99,13,3,0.0048,-0.955,3.3833
V1473,99.8,13,2,0.271,1.2811,81.4046
V1474,33.76,9,2,0.0913,-0.2287,25.9305
V1475,223.06,7,0,0.6063,4.0991,193.224
V1476,3.45,12,2,0.0088,-0.9216,4.1977
V1477,36.32,20,2,0.0982,-0.1702,28.8302
V1478,156.76,15,4,0.4259,2.5833,132.3963
V1479,33.32,13,0,0.0901,-0.2387,26.0231
V1480,44.67,9,3,0.121,0.0207,34.5715
V1481,53.55,12,3,0.1451,0.2238,42.0947
V1482,27.28,8,3,0.0736,-0.3768,20.7717
V1483,44.45,12,2,0.1204,0.0157,34.7263
V1484,39.5,13,0,0.1069,-0.0975,30.8919
V1485,104.14,9,2,0.2828,1.3803,84.7913
V1486,2.09,9,2,0.0051,-0.9527,3.0554
V1487,14.84,7,1,0.0398,-0.6612,11.3965
V1488,135.18,15,0,0.3672,2.09,112.9283
V1489,99.44,12,0,0.27,1.2729,81.0346
V1490,27.37,18,1,0.0739,-0.3748,21.7706
V1491,43.56,6,0,0.1179,-0.0046,33.3014
V1492,14.62,7,2,0.0392,-0.6663,11.2217
V1493,9.38,12,1,0.0249,-0.786,8.1285
V1494,28.04,12,3,0.0757,-0.3594,21.7955
V1495,19.62,9,1,0.0528,-0.5519,15.158
V1496,39.43,11,1,0.1067,-0.0991,30.6352
V1497,3.64,17,6,0.0093,-0.9173,4.6375
V1498,164.92,13,3,0.4481,2.7699,139.7123
V1499,192.77,16,1,0.5239,3.4066,165.706
V1500,53.9,13,1,0.1461,0.2318,42.5037
V1501,34.56,9,4,0.0935,-0.2104,26.5229
V1502,16.67,13,3,0.0448,-0.6194,13.3607
V1503,75.64,7,0,0.2052,0.7288,59.9857
V1504,51.94,11,0,0.1407,0.1869,40.7317
V1505,7.99,7,3,0.0212,-0.8178,6.5637
V1506,108.82,15,3,0.2955,1.4873,89.4437
V1507,77.8,6,4,0.2111,0.7782,61.5924
V1508,134.63,19,2,0.3657,2.0774,112.6694
V1509,58.21,14,1,0.1578,0.3303,46.1321
V1510,42.77,13,4,0.1158,-0.0227,33.4334
V1511,24.38,13,2,0.0658,-0.4431,19.1109
V1512,121.46,14,1,0.3299,1.7763,100.5736
V1513,90.47,17,2,0.2456,1.0678,73.614
V1514,2.08,12,2,0.0051,-0.9529,3.3643
V1515,1.2,10,2,0.0027,-0.9731,2.6559
V1516,21.26,13,1,0.0573,-0.5145,16.7815
V1517,74.86,7,0,0.2031,0.7109,59.3248
V1518,196.39,10,3,0.5338,3.4893,168.523
V1519,7.34,14,4,0.0194,-0.8327,6.8626
V1520,40.58,14,6,0.1098,-0.0728,31.7318
V1521,21.58,10,4,0.0581,-0.5071,16.6807
V1522,157.67,11,2,0.4284,2.6041,132.915
V1523,83.07,18,1,0.2254,0.8986,67.3359
V1524,82.0,10,4,0.2225,0.8742,65.7146
V1525,28.46,11,2,0.0769,-0.3498,22.0389
V1526,24.11,14,3,0.065,-0.4493,18.9726
V1527,14.37,11,2,0.0385,-0.672,11.5286
V1528,2.61,11,3,0.0065,-0.9408,3.5688
V1529,90.02,17,0,0.2443,1.0575,73.2584
V1530,75.43,8,2,0.2047,0.724,59.9164
V1531,367.76,13,2,1.0,7.4072,334.2982
V1532,256.27,10,2,0.6967,4.8583,225.1643
V1533,36.48,11,3,0.0987,-0.1665,28.2679
V1534,65.94,14,2,0.1788,0.507,52.5396
V1535,130.33,10,2,0.354,1.9791,108.0968
V1536,85.26,14,3,0.2314,0.9487,68.8953
V1537,12.79,12,5,0.0342,-0.7081,10.4452
V1538,26.95,11,3,0.0728,-0.3844,20.8644
V1539,6.22,8,0,0.0164,-0.8583,5.5704
V1540,138.61,15,2,0.3765,2.1684,115.9809
V1541,41.93,10,3,0.1135,-0.0419,32.4892
V1542,11.68,10,2,0.0312,-0.7335,9.512
V1543,50.12,13,3,0.1358,0.1453,39.384
V1544,43.32,21,2,0.1173,-0.0101,34.4504
V1545,19.95,11,0,0.0537,-0.5444,15.6376
V1546,5.42,12,2,0.0142,-0.8766,5.4543
V1547,50.1,12,1,0.1357,0.1449,39.3121
V1548,33.06,11,2,0.0894,-0.2447,25.6025
V1549,66.59,9,2,0.1806,0.5219,52.5968
V1550,33.04,5,4,0.0893,-0.2451,24.7211
V1551,86.03,13,0,0.2335,0.9663,69.5229
V1552,36.12,13,2,0.0977,-0.1747,28.1861
V1553,37.04,11,0,0.1002,-0.1537,28.759
V1554,94.17,12,0,0.2556,1.1524,76.4557
V1555,23.25,13,1,0.0627,-0.469,18.2741
V1556,6.47,13,2,0.017,-0.8526,6.2333
V1557,1.31,11,0,0.003,-0.9705,2.8548
V1558,63.32,12,1,0.1717,0.4471,50.1981
V1559,43.58,12,4,0.118,-0.0042,33.9937
V1560,54.79,19,3,0.1485,0.2521,43.6283
V1561,10.78,12,4,0.0288,-0.754,9.0481
V1562,6.6,13,2,0.0174,-0.8496,6.3196
V1563,0.66,10,2,0.0012,-0.9854,2.3614
V1564,19.43,15,2,0.0523,-0.5563,15.5649
V1565,40.11,12,1,0.1086,-0.0835,31.2718
V1566,22.41,13,1,0.0604,-0.4882,17.6424
V1567,25.89,8,1,0.0699,-0.4086,19.7437
V1568,105.53,16,1,0.2865,1.4121,86.6619
V1569,19.26,11,3,0.0518,-0.5602,15.0771
V1570,32.47,14,2,0.0878,-0.2582,25.4103
V1571,68.89,14,2,0.1869,0.5745,55.0117
V1572,22.73,10,2,0.0613,-0.4808,17.5769
V1573,43.79,15,0,0.1186,0.0006,34.478
V1574,89.24,10,1,0.2422,1.0397,71.9788
V1575,134.38,15,4,0.365,2.0717,112.1432
V1576,7.16,14,2,0.0189,-0.8368,6.7759
V1577,117.52,16,4,0.3192,1.6862,97.1772
V1578,30.49,6,4,0.0824,-0.3034,22.9242
V1579,13.44,6,2,0.036,-0.6932,10.2163
V1580,27.66,11,1,0.0747,-0.3681,21.4413
V1581,176.11,10,3,0.4786,3.0257,149.7117
V1582,30.53,12,3,0.0825,-0.3025,23.7152
V1583,17.94,6,1,0.0482,-0.5904,13.4912
V1584,45.16,15,1,0.1223,0.0319,35.5631
V1585,12.36,4,4,0.0331,-0.7179,9.0115
V1586,3.55,11,1,0.0091,-0.9193,4.1805
V1587,6.21,9,4,0.0163,-0.8585,5.6236
V1588,6.17,11,0,0.0162,-0.8594,5.8826
V1589,7.41,10,3,0.0196,-0.8311,6.5546
V1590,6.73,9,3,0.0177,-0.8466,5.9854
V1591,46.08,10,3,0.1248,0.053,35.8215
V1592,9.03,12,2,0.024,-0.794,7.8716
V1593,19.09,13,1,0.0514,-0.5641,15.1698
V1594,102.19,6,0,0.2775,1.3358,82.6908
V1595,28.91,9,2,0.0781,-0.3396,22.1664
V1596,49.56,12,2,0.1343,0.1325,38.8565
V1597,8.51,8,2,0.0226,-0.8059,7.075
V1598,9.61,9,3,0.0256,-0.7808,7.9388
V1599,1.88,10,3,0.0045,-0.9575,3.0293
V1600,8.33,13,1,0.0221,-0.8101,7.4992
V1601,14.69,15,2,0.0394,-0.6647,12.1038
V1602,8.77,4,1,0.0233,-0.8,6.5636
V1603,4.18,14,2,0.0108,-0.9049,4.8284
V1604,5.79,16,0,0.0152,-0.8681,6.0506
V1605,27.79,9,1,0.075,-0.3652,21.3222
V1606,10.4,10,1,0.0277,-0.7627,8.6335
V1607,20.38,10,2,0.0549,-0.5346,15.8199
V1608,31.5,16,1,0.0851,-0.2803,24.8225
V1609,52.76,11,1,0.143,0.2057,41.3855
V1610,1.8,12,2,0.0043,-0.9593,3.1998
V1611,72.29,13,4,0.1961,0.6522,57.7572
V1612,44.49,14,0,0.1205,0.0166,34.9628
V1613,3.84,10,1,0.0099,-0.9127,4.2578
V1614,93.07,15,4,0.2526,1.1273,75.6857
V1615,114.15,20,2,0.31,1.6092,94.4837
V1616,2.84,11,1,0.0072,-0.9356,3.742
V1617,14.59,9,1,0.0391,-0.6669,11.4844
V1618,73.84,11,3,0.2003,0.6876,58.8988
V1619,62.07,15,1,0.1683,0.4185,49.4074
V1620,9.18,9,3,0.0244,-0.7906,7.6429
V1621,10.57,12,3,0.0282,-0.7588,8.9189
V1622,20.83,9,2,0.0561,-0.5243,16.0405
V1623,29.82,13,2,0.0806,-0.3188,23.2719
V1624,43.34,15,4,0.1173,-0.0097,34.0503
V1625,20.71,13,1,0.0558,-0.527,16.3714
V1626,27.94,14,1,0.0754,-0.3617,21.9238
V1627,61.93,17,2,0.1679,0.4153,49.4159
V1628,1.68,11,1,0.004,-0.9621,3.0505
V1629,13.09,7,3,0.035,-0.7012,10.1104
V1630,56.23,10,3,0.1524,0.285,44.0944
V1631,101.51,7,4,0.2756,1.3202,82.1906
V1632,32.26,12,1,0.0872,-0.263,25.0915
V1633,34.18,12,1,0.0924,-0.2191,26.5905
V1634,5.1,21,1,0.0133,-0.8839,5.8943
V1635,26.69,14,1,0.072,-0.3903,20.9668
V1636,34.23,7,2,0.0926,-0.2179,26.0306
V1637,12.5,7,0,0.0334,-0.7147,9.7412
V1638,14.12,15,1,0.0378,-0.6777,11.711
V1639,21.31,10,2,0.0574,-0.5133,16.5129
V1640,0.91,16,4,0.0019,-0.9797,2.984
V1641,17.49,17,0,0.047,-0.6006,14.3107
V1642,10.69,15,0,0.0285,-0.7561,9.3011
V1643,17.85,11,1,0.048,-0.5924,14.0719
V1644,5.74,5,1,0.015,-0.8693,4.752
V1645,99.54,9,4,0.2702,1.2752,80.7402
V1646,40.52,15,2,0.1097,-0.0741,31.8308
V1647,51.15,19,2,0.1386,0.1689,40.6676
V1648,70.05,21,2,0.19,0.601,56.4463
V1649,31.05,10,5,0.0839,-0.2906,23.8829
V1650,4.09,8,3,0.0106,-0.907,4.1415
V1651,34.66,13,4,0.0937,-0.2081,27.005
V1652,39.78,13,3,0.1077,-0.0911,31.065
V1653,61.57,11,0,0.1669,0.4071,48.663
V1654,25.43,9,3,0.0686,-0.4191,19.4868
V1655,6.14,18,2,0.0161,-0.8601,6.3816
V1656,15.02,12,3,0.0403,-0.6571,12.0755
V1657,20.3,14,3,0.0547,-0.5364,16.1158
V1658,46.72,8,1,0.1265,0.0676,36.1307
V1659,38.06,13,1,0.103,-0.1304,29.734
V1660,19.81,12,4,0.0533,-0.5476,15.5632
V1661,193.78,12,0,0.5266,3.4297,166.3406
V1662,41.89,6,2,0.1134,-0.0428,31.9317
V1663,12.19,15,3,0.0326,-0.7218,10.3043
V1664,4.83,12,1,0.0126,-0.8901,5.0887
V1665,7.46,4,0,0.0197,-0.8299,5.6915
V1666,12.7,11,3,0.034,-0.7101,10.32
V1667,7.88,16,2,0.0209,-0.8203,7.4106
V1668,9.29,21,1,0.0247,-0.7881,8.6979
V1669,15.1,13,2,0.0405,-0.6553,12.239
V1670,8.57,11,1,0.0227,-0.8046,7.4776
V1671,102.18,6,0,0.2774,1.3355,82.6821
V1672,3.76,15,2,0.0097,-0.9145,4.6407
V1673,33.45,12,0,0.0904,-0.2358,26.0357
V1674,23.77,9,3,0.0641,-0.4571,18.2292
V1675,181.74,14,2,0.4939,3.1544,155.3023
V1676,5.35,13,4,0.014,-0.8782,5.4637
V1677,22.83,12,1,0.0615,-0.4786,17.869
V1678,157.01,18,0,0.4266,2.589,132.8971
V1679,90.28,13,0,0.2451,1.0635,73.1811
V1680,76.44,10,4,0.2074,0.7471,60.9797
V1681,13.42,14,0,0.0359,-0.6937,11.1492
V1682,8.43,11,5,0.0224,-0.8078,7.3143
V1683,49.71,12,0,0.1347,0.136,39.0111
V1684,119.27,7,3,0.3239,1.7262,97.8413
V1685,36.61,11,2,0.099,-0.1635,28.3872
V1686,38.15,15,1,0.1032,-0.1283,29.9655
V1687,14.78,11,1,0.0396,-0.6626,11.8399
V1688,66.04,13,1,0.1791,0.5093,52.557
V1689,9.32,15,2,0.0248,-0.7874,8.3199
V1690,17.6,13,3,0.0473,-0.5981,14.0403
V1691,24.94,14,2,0.0673,-0.4303,19.6181
V1692,31.88,7,3,0.0862,-0.2717,24.18
V1693,12.49,9,3,0.0334,-0.7149,9.9524
V1694,5.49,3,1,0.0144,-0.875,4.102
V1695,42.44,16,2,0.1149,-0.0302,33.4362
V1696,15.33,20,2,0.0411,-0.65,12.8916
V1697,39.17,11,2,0.106,-0.105,30.4123
V1698,7.54,12,4,0.0199,-0.8281,6.8253
V1699,29.53,10,1,0.0798,-0.3254,22.7751
V1700,34.22,17,0,0.0925,-0.2182,27.0285
V1701,2.39,15,1,0.0059,-0.9459,3.8147
V1702,18.47,12,2,0.0497,-0.5782,14.6071
V1703,6.5,13,0,0.0171,-0.8519,6.2859
V1704,2.95,10,1,0.0075,-0.933,3.7048
V1705,207.05,9,0,0.5628,3.733,178.4257
V1706,17.51,12,2,0.0471,-0.6002,13.9022
V1707,74.7,10,2,0.2027,0.7073,59.5388
V1708,13.22,15,3,0.0354,-0.6983,11.0347
V1709,51.49,8,0,0.1395,0.1767,40.0192
V1710,64.26,12,5,0.1743,0.4686,50.9135
V1711,40.75,11,5,0.1103,-0.0689,31.6173
V1712,28.7,12,1,0.0775,-0.3444,22.3361
V1713,23.88,23,4,0.0644,-0.4546,19.3457
V1714,19.31,10,2,0.052,-0.559,15.0265
V1715,119.37,9,3,0.3242,1.7285,98.1978
V1716,79.9,9,2,0.2168,0.8262,63.842
V1717,150.89,11,3,0.41,2.4491,126.7262
V1718,5.97,10,2,0.0157,-0.864,5.6138
V1719,59.06,16,2,0.1601,0.3497,46.9682
V1720,125.38,11,2,0.3406,1.8659,103.779
V1721,9.0,15,2,0.0239,-0.7947,8.1002
V1722,3.1,13,0,0.0079,-0.9296,4.1025
V1723,60.81,6,4,0.1649,0.3897,47.3188
V1724,38.45,14,4,0.104,-0.1215,30.0751
V1725,82.98,15,1,0.2252,0.8966,67.0527
V1726,6.78,20,3,0.0179,-0.8455,6.909
V1727,71.37,9,0,0.1936,0.6312,56.6442
V1728,10.13,10,2,0.027,-0.7689,8.4295
V1729,8.04,15,0,0.0213,-0.8167,7.4788
V1730,8.08,12,3,0.0214,-0.8158,7.2072
V1731,75.83,11,2,0.2057,0.7331,60.6007
V1732,49.24,14,1,0.1334,0.1252,38.7848
V1733,33.32,18,0,0.0901,-0.2387,26.3896
V1734,20.0,9,0,0.0538,-0.5433,15.4559
V1735,94.37,8,4,0.2562,1.157,76.1211
V1736,22.42,16,2,0.0604,-0.4879,17.8664
V1737,76.32,14,2,0.2071,0.7443,61.2841
V1738,26.02,19,3,0.0702,-0.4056,20.7676
V1739,21.29,11,5,0.0574,-0.5138,16.5509
V1740,27.95,15,3,0.0755,-0.3615,21.9756
V1741,16.14,11,0,0.0433,-0.6315,12.8396
V1742,61.95,16,0,0.168,0.4158,49.3966
V1743,31.44,11,2,0.085,-0.2817,24.3415
V1744,11.89,14,2,0.0318,-0.7287,10.032
V1745,103.43,12,2,0.2808,1.3641,84.4849
V1746,21.79,8,3,0.0587,-0.5023,16.6142
V1747,35.29,10,0,0.0954,-0.1937,27.2767
V1748,106.63,9,0,0.2895,1.4373,87.0059
V1749,44.05,13,3,0.1193,0.0066,34.477
V1750,5.59,17,2,0.0146,-0.8727,5.9557
V1751,126.48,14,3,0.3435,1.8911,105.0112
V1752,44.46,12,1,0.1204,0.0159,34.7508
V1753,18.35,10,3,0.0494,-0.581,14.3015
V1754,6.75,13,3,0.0178,-0.8462,6.4025
V1755,71.1,15,1,0.1929,0.625,56.9645
V1756,43.55,10,3,0.1179,-0.0049,33.7863
V1757,34.31,14,4,0.0928,-0.2161,26.8136
V1758,100.95,5,2,0.2741,1.3074,81.3906
V1759,69.93,19,1,0.1897,0.5982,56.2474
V1760,7.4,14,4,0.0196,-0.8313,6.9029
V1761,16.81,8,1,0.0452,-0.6162,12.9659
V1762,12.86,15,1,0.0344,-0.7065,10.812
V1763,61.31,9,3,0.1662,0.4012,48.1788
V1764,1.53,7,1,0.0036,-0.9655,2.4774
V1765,37.97,11,4,0.1027,-0.1324,29.4273
V1766,64.68,11,3,0.1754,0.4782,51.2025
V1767,94.22,9,0,0.2558,1.1535,76.1842
V1768,18.84,9,2,0.0507,-0.5698,14.565
V1769,77.48,13,3,0.2102,0.7708,62.1694
V1770,5.28,10,2,0.0138,-0.8798,5.1628
V1771,84.32,13,1,0.2288,0.9272,68.0399
V1772,6.14,14,4,0.0161,-0.8601,6.0639
V1773,22.78,9,1,0.0614,-0.4797,17.5166
V1774,71.82,14,1,0.1948,0.6414,57.494
V1775,7.31,10,0,0.0193,-0.8334,6.5369
V1776,11.72,13,3,0.0313,-0.7326,9.8127
V1777,57.65,19,0,0.1563,0.3175,46.0313
V1778,57.29,9,2,0.1553,0.3093,44.8699
V1779,46.12,14,1,0.1249,0.0539,36.2593
V1780,53.28,11,1,0.1444,0.2176,41.8109
V1781,35.21,13,2,0.0952,-0.1955,27.4706
V1782,13.05,11,4,0.0349,-0.7021,10.5514
V1783,19.09,8,4,0.0514,-0.5641,14.5891
V1784,9.02,24,3,0.024,-0.7943,8.6327
V1785,107.59,18,4,0.2922,1.4592,88.552
V1786,39.4,9,1,0.1066,-0.0997,30.3926
V1787,23.05,14,2,0.0621,-0.4735,18.1898
V1788,27.9,13,1,0.0753,-0.3626,21.8103
V1789,132.43,13,1,0.3597,2.0271,110.2839
V1790,7.49,14,4,0.0198,-0.8293,6.9634
V1791,39.71,15,2,0.1075,-0.0927,31.1864
V1792,31.72,9,0,0.0857,-0.2753,24.3728
V1793,42.54,9,3,0.1152,-0.028,32.8627
V1794,0.82,5,1,0.0017,-0.9817,1.7359
V1795,92.55,15,2,0.2512,1.1154,75.2698
V1796,121.05,14,2,0.3288,1.7669,100.1928
V1797,37.47,18,0,0.1014,-0.1439,29.65
V1798,53.68,8,2,0.1455,0.2267,41.7767
V1799,115.09,12,5,0.3126,1.6307,94.6873
V1800,55.28,11,2,0.1498,0.2633,43.4345
V1801,7.45,13,3,0.0197,-0.8302,6.8709
V1802,38.64,9,0,0.1046,-0.1171,29.8058
V1803,41.99,17,2,0.1137,-0.0405,33.145
V1804,24.83,15,1,0.067,-0.4328,19.6286
V1805,60.01,13,3,0.1627,0.3714,47.5047
V1806,122.57,14,2,0.3329,1.8017,101.5442
V1807,116.9,11,1,0.3175,1.672,96.2606
V1808,26.97,19,2,0.0728,-0.3839,21.5095
V1809,5.41,16,1,0.0141,-0.8768,5.7862
V1810,188.51,11,2,0.5123,3.3092,161.3107
V1811,82.16,10,5,0.223,0.8778,65.8339
V1812,5.99,5,3,0.0157,-0.8635,4.8828
V1813,114.13,18,4,0.3099,1.6087,94.3119
V1814,91.77,15,2,0.2491,1.0975,74.5954
V1815,32.92,14,2,0.089,-0.2479,25.761
V1816,40.26,8,0,0.109,-0.0801,30.966
V1817,22.91,6,2,0.0618,-0.4767,17.1699
V1818,2.53,7,1,0.0063,-0.9427,3.0672
V1819,18.37,10,1,0.0494,-0.5805,14.3496
V1820,73.07,12,2,0.1982,0.67,58.3608
V1821,0.21,10,3,0.0,-0.9957,2.1178
V1822,18.26,10,1,0.0491,-0.583,14.2686
V1823,22.85,20,2,0.0616,-0.4781,18.4431
V1824,34.69,10,1,0.0938,-0.2074,26.7896
V1825,113.58,7,2,0.3084,1.5961,92.8222
V1826,19.13,12,1,0.0515,-0.5631,15.1104
V1827,19.17,16,1,0.0516,-0.5622,15.4619
V1828,60.19,11,3,0.1632,0.3756,47.4688
V1829,27.08,8,3,0.0731,-0.3814,20.6186
V1830,11.45,8,1,0.0306,-0.7387,9.1261
V1831,27.1,9,0,0.0732,-0.3809,20.8098
V1832,6.83,8,3,0.018,-0.8443,5.9256
V1833,8.73,14,3,0.0232,-0.8009,7.8213
V1834,31.04,12,3,0.0839,-0.2909,24.1103
V1835,24.43,6,0,0.0659,-0.442,18.3497
V1836,110.85,9,0,0.301,1.5337,90.7153
V1837,20.25,7,0,0.0545,-0.5375,15.3738
V1838,39.1,12,4,0.1058,-0.1066,30.4188
V1839,45.02,9,1,0.1219,0.0287,34.8864
V1840,0.59,11,3,0.001,-0.987,2.4123
V1841,49.02,13,0,0.1328,0.1202,38.5395
V1842,8.82,11,0,0.0234,-0.7989,7.6645
V1843,146.07,12,4,0.3968,2.3389,122.4342
V1844,7.24,14,1,0.0191,-0.835,6.846
V1845,24.1,12,2,0.065,-0.4495,18.8102
V1846,4.01,12,4,0.0103,-0.9088,4.515
V1847,259.56,13,1,0.7056,4.9335,228.6231
V1848,31.39,10,0,0.0848,-0.2829,24.2309
V1849,40.72,14,1,0.1102,-0.0696,31.9292
V1850,3.12,11,2,0.0079,-0.9292,3.8972
V1851,62.38,9,1,0.1691,0.4256,49.1011
V1852,10.6,11,1,0.0283,-0.7582,8.877
V1853,102.75,15,1,0.279,1.3486,84.156
V1854,10.33,12,3,0.0275,-0.7643,8.752
V1855,9.52,13,1,0.0253,-0.7828,8.3138
V1856,1.68,9,1,0.004,-0.9621,2.8317
V1857,28.75,14,3,0.0776,-0.3432,22.5129
V1858,37.44,16,1,0.1013,-0.1445,29.4767
V1859,3.06,10,2,0.0078,-0.9305,3.7559
V1860,67.23,11,0,0.1823,0.5365,53.3842
V1861,27.17,12,1,0.0734,-0.3793,21.1621
V1862,33.44,11,3,0.0904,-0.236,25.8824
V1863,26.15,17,1,0.0706,-0.4027,20.7736
V1864,23.04,11,4,0.0621,-0.4738,17.8805
V1865,36.91,22,2,0.0999,-0.1567,29.4045
V1866,7.59,14,0,0.0201,-0.827,7.0973
V1867,9.04,11,4,0.024,-0.7938,7.7485
V1868,89.05,13,2,0.2417,1.0353,72.0879
V1869,131.44,9,1,0.357,2.0045,108.9929
V1870,21.03,11,1,0.0566,-0.5197,16.4249
V1871,14.21,11,2,0.0381,-0.6756,11.4138
V1872,46.48,14,1,0.1259,0.0621,36.5499
V1873,23.65,14,2,0.0638,-0.4598,18.642
V1874,1.16,9,2,0.0026,-0.974,2.5191
V1875,7.64,12,1,0.0202,-0.8258,6.9431
V1876,56.64,15,1,0.1535,0.2944,44.9148
V1877,48.4,12,5,0.1311,0.106,37.8635
V1878,1.24,15,1,0.0028,-0.9721,3.1444
V1879,11.29,15,6,0.0301,-0.7424,9.6185
V1880,11.82,8,4,0.0316,-0.7303,9.3357
V1881,50.15,13,2,0.1359,0.146,39.4252
V1882,0.9,8,1,0.0019,-0.9799,2.2658
V1883,4.95,13,1,0.0129,-0.8873,5.255
V1884,72.41,17,3,0.1964,0.6549,58.1772
V1885,8.85,13,2,0.0235,-0.7982,7.8373
V1886,47.6,12,1,0.1289,0.0877,37.2835
V1887,12.24,9,4,0.0327,-0.7207,9.7584
V1888,4.71,10,2,0.0122,-0.8928,4.7946
V1889,12.54,9,1,0.0335,-0.7138,10.0211
V1890,57.65,17,3,0.1563,0.3175,45.8553
V1891,87.11,8,2,0.2364,0.991,69.888
V1892,79.8,14,4,0.2165,0.8239,64.2093
V1893,22.78,15,4,0.0614,-0.4797,18.0301
V1894,49.63,14,1,0.1345,0.1341,39.1016
V1895,10.32,19,4,0.0275,-0.7646,9.2448
V1896,15.61,10,0,0.0419,-0.6436,12.3509
V1897,102.0,8,3,0.2769,1.3314,82.777
V1898,0.59,9,3,0.001,-0.987,2.1935
V1899,4.02,9,2,0.0104,-0.9086,4.2405
V1900,10.49,15,3,0.028,-0.7607,9.1124
V1901,1.21,11,1,0.0027,-0.9728,2.7824
V1902,9.01,9,4,0.0239,-0.7945,7.5091
V1903,39.36,10,3,0.1065,-0.1007,30.4419
V1904,24.62,17,0,0.0664,-0.4376,19.6269
V1905,100.43,9,2,0.2727,1.2955,81.55
V1906,76.53,5,1,0.2076,0.7491,60.3792
V1907,18.82,9,0,0.0506,-0.5702,14.5829
V1908,13.51,11,3,0.0362,-0.6916,10.8962
V1909,21.49,15,1,0.0579,-0.5092,17.1135
V1910,40.15,10,1,0.1087,-0.0826,31.1032
V1911,14.04,9,1,0.0376,-0.6795,11.0896
V1912,44.04,15,4,0.1192,0.0063,34.612
V1913,23.7,15,3,0.0639,-0.4587,18.7404
V1914,36.14,16,0,0.0978,-0.1743,28.4675
V1915,25.78,13,1,0.0696,-0.4111,20.1901
V1916,15.7,16,4,0.0421,-0.6416,12.8718
V1917,133.44,15,2,0.3625,2.0502,111.3335
V1918,64.9,14,1,0.176,0.4832,51.6872
V1919,6.79,9,2,0.0179,-0.8453,6.0422
V1920,91.28,10,1,0.2478,1.0863,73.7389
V1921,30.07,15,3,0.0812,-0.313,23.6085
V1922,101.23,13,3,0.2748,1.3138,82.6349
V1923,72.39,11,6,0.1964,0.6545,57.6212
V1924,24.92,14,1,0.0672,-0.4308,19.6194
V1925,1.02,19,3,0.0022,-0.9772,3.2564
V1926,14.08,12,1,0.0377,-0.6786,11.4331
V1927,35.1,14,4,0.0949,-0.198,27.433
V1928,45.17,9,2,0.1223,0.0322,34.9906
V1929,13.42,13,3,0.0359,-0.6937,11.017
V1930,6.75,8,1,0.0178,-0.8462,5.9056
V1931,81.06,11,2,0.22,0.8527,65.0502
V1932,187.23,16,2,0.5088,3.2799,160.5403
V1933,33.57,13,2,0.0908,-0.233,26.1858
V1934,8.48,21,1,0.0225,-0.8066,8.1436
V1935,14.3,12,4,0.0383,-0.6736,11.5404
V1936,0.84,8,1,0.0017,-0.9813,2.2332
V1937,110.56,13,1,0.3002,1.5271,90.8476
V1938,5.64,10,2,0.0148,-0.8716,5.3974
V1939,38.67,6,2,0.1046,-0.1164,29.3689
V1940,14.41,14,5,0.0386,-0.6711,11.7736
V1941,36.35,10,0,0.0983,-0.1695,28.1105
V1942,47.42,17,0,0.1284,0.0836,37.5445
V1943,79.67,16,2,0.2162,0.8209,64.2827
V1944,10.4,10,1,0.0277,-0.7627,8.6335
V1945,0.5,6,4,0.0008,-0.9891,1.7017
V1946,6.62,6,4,0.0174,-0.8491,5.4671
V1947,103.62,9,2,0.2813,1.3684,84.3363
V1948,93.18,9,1,0.2529,1.1298,75.2674
V1949,40.94,8,1,0.1108,-0.0645,31.4915
V1950,41.29,9,4,0.1118,-0.0565,31.8466
V1951,49.22,10,1,0.1333,0.1248,38.3964
V1952,8.68,9,8,0.023,-0.8021,7.2112
V1953,110.62,9,0,0.3004,1.5285,90.5128
V1954,24.42,14,1,0.0659,-0.4422,19.2405
V1955,21.74,9,3,0.0586,-0.5035,16.7032
V1956,32.93,8,1,0.089,-0.2477,25.1723
V1957,2.16,16,3,0.0053,-0.9511,3.7168
V1958,8.18,6,2,0.0217,-0.8135,6.549
V1959,60.28,10,2,0.1634,0.3776,47.4558
V1960,3.89,15,1,0.01,-0.9116,4.7389
V1961,41.59,13,2,0.1126,-0.0497,32.5239
V1962,12.67,8,0,0.0339,-0.7108,10.0029
V1963,22.19,9,1,0.0598,-0.4932,17.0736
V1964,15.33,6,0,0.0411,-0.65,11.6059
V1965,19.78,10,5,0.0532,-0.5483,15.323
V1966,57.13,5,4,0.1549,0.3056,44.0911
V1967,15.87,11,3,0.0426,-0.6377,12.5942
V1968,37.6,13,1,0.1017,-0.1409,29.3702
V1969,29.09,10,2,0.0786,-0.3354,22.4194
V1970,49.03,17,1,0.1328,0.1204,38.8331
V1971,124.29,8,4,0.3376,1.841,102.4284
V1972,59.35,15,1,0.1609,0.3564,47.1518
V1973,10.89,12,0,0.0291,-0.7515,9.1915
V1974,1.43,10,3,0.0033,-0.9678,2.769
V1975,13.69,11,1,0.0367,-0.6875,11.058
V1976,40.68,11,3,0.1101,-0.0705,31.5962
V1977,2.38,7,0,0.0059,-0.9461,2.9931
V1978,30.87,20,2,0.0834,-0.2947,24.5708
V1979,40.88,13,2,0.1107,-0.0659,31.9574
V1980,18.31,12,1,0.0492,-0.5819,14.5059
V1981,66.31,9,3,0.1798,0.5155,52.3457
V1982,5.07,11,3,0.0132,-0.8846,5.1142
V1983,3.51,8,1,0.009,-0.9202,3.8103
V1984,58.62,8,1,0.1589,0.3397,45.8578
V1985,30.79,9,3,0.0832,-0.2966,23.6017
V1986,52.47,16,1,0.1422,0.1991,41.5664
V1987,25.68,13,0,0.0693,-0.4134,20.1302
V1988,12.73,11,1,0.0341,-0.7095,10.3746
V1989,76.94,11,3,0.2088,0.7585,61.5257
V1990,72.29,13,4,0.1961,0.6522,57.7572
V1991,53.39,15,2,0.1447,0.2201,42.2297
V1992,14.29,14,0,0.0383,-0.6738,11.7716
V1993,40.15,9,2,0.1087,-0.0826,30.9723
V1994,20.15,9,1,0.0543,-0.5398,15.5511
V1995,4.32,15,3,0.0112,-0.9017,4.978
V1996,112.17,15,2,0.3046,1.5639,92.4099
V1997,6.62,11,2,0.0174,-0.8491,6.1479
V1998,135.02,6,2,0.3668,2.0863,111.7599
V1999,26.58,18,0,0.0717,-0.3928,21.1827
